SKU,Barcode,Category,"Sub Category","Product Name",Brand,"Pack Size",Size,Colour,"Weight (g)",Unit,Loose,Quantity,"Unit Cost","Discount %","GST %",HSN,MRP,"Selling Price","Markup %","Batch No","Expiry Date","Publish Online",Image,"Short Description"
SP-BPEP-50,,Spices,"Whole Spices","Black Pepper","5Star Spices","50 g",,,50,,,40,41.4,2,5,0904,75,65,,BBPEP-0926,2028-09-30,yes,black-pepper.jpg,"Bold, aromatic whole black peppercorns with a sharp, warm bite. Freshly packed."
SP-BPEP-100,,Spices,"Whole Spices","Black Pepper","5Star Spices","100 g",,,100,,,41,77.76,2,5,0904,135,115,,BBPEP-0926,2028-09-30,yes,black-pepper.jpg,"Bold, aromatic whole black peppercorns with a sharp, warm bite. Freshly packed."
SP-BPEP-250,,Spices,"Whole Spices","Black Pepper","5Star Spices","250 g",,,250,,,23,180,2,5,0904,310,,40,BBPEP-0926,2028-09-30,yes,black-pepper.jpg,"Bold, aromatic whole black peppercorns with a sharp, warm bite. Freshly packed."
SP-BPEP-500,,Spices,"Whole Spices","Black Pepper","5Star Spices","500 g",,,500,,,19,345.6,2,5,0904,590,505,,BBPEP-0926,2028-09-30,yes,black-pepper.jpg,"Bold, aromatic whole black peppercorns with a sharp, warm bite. Freshly packed."
SP-CARD-50,,Spices,"Whole Spices","Green Cardamom 8mm","5Star Spices","50 g",,,50,,,18,149.5,,5,0908,255,220,,BCARD-0926,2028-09-30,yes,green-cardamom-8mm.jpg,"Plump 8mm green cardamom pods with a sweet, intense fragrance for chai and desserts."
SP-CARD-100,,Spices,"Whole Spices","Green Cardamom 8mm","5Star Spices","100 g",,,100,,,52,280.8,,5,0908,480,,40,BCARD-0926,2028-09-30,yes,green-cardamom-8mm.jpg,"Plump 8mm green cardamom pods with a sweet, intense fragrance for chai and desserts."
SP-CARD-250,,Spices,"Whole Spices","Green Cardamom 8mm","5Star Spices","250 g",,,250,,,58,650,,5,0908,1105,945,,BCARD-0926,2028-09-30,yes,green-cardamom-8mm.jpg,"Plump 8mm green cardamom pods with a sweet, intense fragrance for chai and desserts."
SP-CLOV-50,,Spices,"Whole Spices",Cloves,"5Star Spices","50 g",,,50,,,40,63.25,5,5,0907,110,95,,BCLOV-0926,2028-09-30,yes,cloves.jpg,"Whole hand-picked cloves with a strong, warming aroma. Ideal for biryani and masala chai."
SP-CLOV-100,,Spices,"Whole Spices",Cloves,"5Star Spices","100 g",,,100,,,21,118.8,5,5,0907,205,,40,BCLOV-0926,2028-09-30,yes,cloves.jpg,"Whole hand-picked cloves with a strong, warming aroma. Ideal for biryani and masala chai."
SP-CLOV-250,,Spices,"Whole Spices",Cloves,"5Star Spices","250 g",,,250,,,44,275,5,5,0907,470,400,,BCLOV-0926,2028-09-30,yes,cloves.jpg,"Whole hand-picked cloves with a strong, warming aroma. Ideal for biryani and masala chai."
SP-CINN-100,,Spices,"Whole Spices","Cinnamon Sticks","5Star Spices","100 g",,,100,,,21,51.84,,5,0906,90,80,,BCINN-0926,2028-09-30,yes,cinnamon-sticks.jpg,"True cinnamon quills, naturally sweet and fragrant. For curries, tea and baking."
SP-CINN-250,,Spices,"Whole Spices","Cinnamon Sticks","5Star Spices","250 g",,,250,,,50,120,,5,0906,205,,40,BCINN-0926,2028-09-30,yes,cinnamon-sticks.jpg,"True cinnamon quills, naturally sweet and fragrant. For curries, tea and baking."
SP-CINN-500,,Spices,"Whole Spices","Cinnamon Sticks","5Star Spices","500 g",,,500,,,29,230.4,,5,0906,395,335,,BCINN-0926,2028-09-30,yes,cinnamon-sticks.jpg,"True cinnamon quills, naturally sweet and fragrant. For curries, tea and baking."
SP-CUMS-100,,Spices,"Whole Spices","Cumin Seeds","5Star Spices","100 g",,,100,,,39,41.04,2,5,0909,70,60,,BCUMS-0926,2028-03-31,yes,cumin-seeds.jpg,"Clean, aromatic whole cumin seeds for tempering dals, rice and curries."
SP-CUMS-250,,Spices,"Whole Spices","Cumin Seeds","5Star Spices","250 g",,,250,,,35,95,2,5,0909,165,,40,BCUMS-0926,2028-03-31,yes,cumin-seeds.jpg,"Clean, aromatic whole cumin seeds for tempering dals, rice and curries."
SP-CUMS-500,,Spices,"Whole Spices","Cumin Seeds","5Star Spices","500 g",,,500,,,21,182.4,2,5,0909,315,265,,BCUMS-0926,2028-03-31,yes,cumin-seeds.jpg,"Clean, aromatic whole cumin seeds for tempering dals, rice and curries."
SP-CORS-100,,Spices,"Whole Spices","Coriander Seeds","5Star Spices","100 g",,,100,,,32,19.44,,5,0909,35,30,,BCORS-0926,2028-03-31,yes,coriander-seeds.jpg,"Whole coriander seeds with a citrusy, nutty flavour. Great for grinding fresh."
SP-CORS-250,,Spices,"Whole Spices","Coriander Seeds","5Star Spices","250 g",,,250,,,12,45,,5,0909,80,,40,BCORS-0926,2028-03-31,yes,coriander-seeds.jpg,"Whole coriander seeds with a citrusy, nutty flavour. Great for grinding fresh."
SP-CORS-500,,Spices,"Whole Spices","Coriander Seeds","5Star Spices","500 g",,,500,,,53,86.4,,5,0909,150,130,,BCORS-0926,2028-03-31,yes,coriander-seeds.jpg,"Whole coriander seeds with a citrusy, nutty flavour. Great for grinding fresh."
SP-STAR-50,,Spices,"Whole Spices","Star Anise","5Star Spices","50 g",,,50,,,31,74.75,5,5,0909,130,110,,BSTAR-0926,2028-09-30,yes,star-anise.jpg,"Whole star anise with a sweet liquorice note. A must for biryani and garam masala."
SP-STAR-100,,Spices,"Whole Spices","Star Anise","5Star Spices","100 g",,,100,,,46,140.4,5,5,0909,240,,40,BSTAR-0926,2028-09-30,yes,star-anise.jpg,"Whole star anise with a sweet liquorice note. A must for biryani and garam masala."
SP-BAYL-50,,Spices,"Whole Spices","Bay Leaf","5Star Spices","50 g",,,50,,,42,14.95,,5,0910,30,25,,BBAYL-0926,2028-03-31,yes,bay-leaf.jpg,"Dried whole bay leaves that add a subtle, herbal depth to rice and slow-cooked dishes."
SP-BAYL-100,,Spices,"Whole Spices","Bay Leaf","5Star Spices","100 g",,,100,,,41,28.08,,5,0910,50,45,,BBAYL-0926,2028-03-31,yes,bay-leaf.jpg,"Dried whole bay leaves that add a subtle, herbal depth to rice and slow-cooked dishes."
SP-FENN-100,,Spices,"Whole Spices","Fennel Seeds","5Star Spices","100 g",,,100,,,27,36.72,2,5,0909,65,,40,BFENN-0926,2028-03-31,yes,fennel-seeds.jpg,"Sweet, cooling fennel seeds — perfect as a mouth freshener or in curries and pickles."
SP-FENN-250,,Spices,"Whole Spices","Fennel Seeds","5Star Spices","250 g",,,250,,,13,85,2,5,0909,145,125,,BFENN-0926,2028-03-31,yes,fennel-seeds.jpg,"Sweet, cooling fennel seeds — perfect as a mouth freshener or in curries and pickles."
SP-MUST-100,,Spices,"Whole Spices","Mustard Seeds","5Star Spices","100 g",,,100,,,59,15.12,,5,1207,30,25,,BMUST-0926,2028-09-30,yes,mustard-seeds.jpg,"Small dark mustard seeds that pop in hot oil for a nutty, pungent tadka."
SP-MUST-250,,Spices,"Whole Spices","Mustard Seeds","5Star Spices","250 g",,,250,,,45,35,,5,1207,60,,40,BMUST-0926,2028-09-30,yes,mustard-seeds.jpg,"Small dark mustard seeds that pop in hot oil for a nutty, pungent tadka."
SP-MUST-500,,Spices,"Whole Spices","Mustard Seeds","5Star Spices","500 g",,,500,,,58,67.2,,5,1207,115,100,,BMUST-0926,2028-09-30,yes,mustard-seeds.jpg,"Small dark mustard seeds that pop in hot oil for a nutty, pungent tadka."
SP-TURM-100,,Spices,"Ground Spices","Turmeric Powder","5Star Spices","100 g",,,100,,,35,23.76,2,5,0910,45,35,,BTURM-0926,2027-09-30,yes,turmeric-powder.jpg,"Deep golden turmeric powder, stone-ground for colour and earthy flavour."
SP-TURM-250,,Spices,"Ground Spices","Turmeric Powder","5Star Spices","250 g",,,250,,,54,55,2,5,0910,95,,40,BTURM-0926,2027-09-30,yes,turmeric-powder.jpg,"Deep golden turmeric powder, stone-ground for colour and earthy flavour."
SP-TURM-500,,Spices,"Ground Spices","Turmeric Powder","5Star Spices","500 g",,,500,,,40,105.6,2,5,0910,180,155,,BTURM-0926,2027-09-30,yes,turmeric-powder.jpg,"Deep golden turmeric powder, stone-ground for colour and earthy flavour."
SP-REDC-100,,Spices,"Ground Spices","Red Chilli Powder","5Star Spices","100 g",,,100,,,30,34.56,,5,0904,60,55,,BREDC-0926,2027-09-30,yes,red-chilli-powder.jpg,"Bright red chilli powder with balanced heat and rich colour for everyday cooking."
SP-REDC-250,,Spices,"Ground Spices","Red Chilli Powder","5Star Spices","250 g",,,250,,,42,80,,5,0904,140,,40,BREDC-0926,2027-09-30,yes,red-chilli-powder.jpg,"Bright red chilli powder with balanced heat and rich colour for everyday cooking."
SP-REDC-500,,Spices,"Ground Spices","Red Chilli Powder","5Star Spices","500 g",,,500,,,54,153.6,,5,0904,265,225,,BREDC-0926,2027-09-30,yes,red-chilli-powder.jpg,"Bright red chilli powder with balanced heat and rich colour for everyday cooking."
SP-KASH-100,,Spices,"Ground Spices","Kashmiri Chilli Powder","5Star Spices","100 g",,,100,,,59,66.96,5,5,0904,115,100,,BKASH-0926,2027-09-30,yes,kashmiri-chilli-powder.jpg,"Vibrant Kashmiri chilli powder — mild heat and a brilliant red colour for gravies."
SP-KASH-250,,Spices,"Ground Spices","Kashmiri Chilli Powder","5Star Spices","250 g",,,250,,,35,155,5,5,0904,265,,40,BKASH-0926,2027-09-30,yes,kashmiri-chilli-powder.jpg,"Vibrant Kashmiri chilli powder — mild heat and a brilliant red colour for gravies."
SP-KASH-500,,Spices,"Ground Spices","Kashmiri Chilli Powder","5Star Spices","500 g",,,500,,,15,297.6,5,5,0904,510,435,,BKASH-0926,2027-09-30,yes,kashmiri-chilli-powder.jpg,"Vibrant Kashmiri chilli powder — mild heat and a brilliant red colour for gravies."
SP-CORP-100,,Spices,"Ground Spices","Coriander Powder","5Star Spices","100 g",,,100,,,54,21.6,,5,0909,40,35,,BCORP-0926,2027-09-30,yes,coriander-powder.jpg,"Fine, fragrant coriander powder made from carefully cleaned seeds."
SP-CORP-250,,Spices,"Ground Spices","Coriander Powder","5Star Spices","250 g",,,250,,,58,50,,5,0909,85,,40,BCORP-0926,2027-09-30,yes,coriander-powder.jpg,"Fine, fragrant coriander powder made from carefully cleaned seeds."
SP-CORP-500,,Spices,"Ground Spices","Coriander Powder","5Star Spices","500 g",,,500,,,20,96,,5,0909,165,140,,BCORP-0926,2027-09-30,yes,coriander-powder.jpg,"Fine, fragrant coriander powder made from carefully cleaned seeds."
SP-CUMP-100,,Spices,"Ground Spices","Cumin Powder","5Star Spices","100 g",,,100,,,55,45.36,2,5,0909,80,70,,BCUMP-0926,2027-09-30,yes,cumin-powder.jpg,"Freshly ground cumin powder with a warm, earthy aroma for curries and raitas."
SP-CUMP-250,,Spices,"Ground Spices","Cumin Powder","5Star Spices","250 g",,,250,,,59,105,2,5,0909,180,,40,BCUMP-0926,2027-09-30,yes,cumin-powder.jpg,"Freshly ground cumin powder with a warm, earthy aroma for curries and raitas."
SP-CUMP-500,,Spices,"Ground Spices","Cumin Powder","5Star Spices","500 g",,,500,,,53,201.6,2,5,0909,345,295,,BCUMP-0926,2027-09-30,yes,cumin-powder.jpg,"Freshly ground cumin powder with a warm, earthy aroma for curries and raitas."
SP-BPEP2-50,,Spices,"Ground Spices","Black Pepper Powder","5Star Spices","50 g",,,50,,,49,43.7,,5,0904,75,65,,BBPEP2-0926,2027-09-30,yes,black-pepper-powder.jpg,"Finely ground black pepper with a sharp, lingering heat. Grinds fresh on request."
SP-BPEP2-100,,Spices,"Ground Spices","Black Pepper Powder","5Star Spices","100 g",,,100,,,49,82.08,,5,0904,140,,40,BBPEP2-0926,2027-09-30,yes,black-pepper-powder.jpg,"Finely ground black pepper with a sharp, lingering heat. Grinds fresh on request."
SP-BPEP2-250,,Spices,"Ground Spices","Black Pepper Powder","5Star Spices","250 g",,,250,,,52,190,,5,0904,325,280,,BBPEP2-0926,2027-09-30,yes,black-pepper-powder.jpg,"Finely ground black pepper with a sharp, lingering heat. Grinds fresh on request."
SP-GING-100,,Spices,"Ground Spices","Dry Ginger Powder","5Star Spices","100 g",,,100,,,23,51.84,5,5,0910,90,80,,BGING-0926,2027-09-30,yes,dry-ginger-powder.jpg,"Dry ginger (saunth) powder with a warming, spicy flavour for tea and kadha."
SP-GING-250,,Spices,"Ground Spices","Dry Ginger Powder","5Star Spices","250 g",,,250,,,29,120,5,5,0910,205,,40,BGING-0926,2027-09-30,yes,dry-ginger-powder.jpg,"Dry ginger (saunth) powder with a warming, spicy flavour for tea and kadha."
SP-GARM-50,,Spices,"Spice Blends","Garam Masala","5Star Spices","50 g",,,50,,,38,51.75,2,5,0910,90,80,,BGARM-0926,2027-09-30,yes,garam-masala.jpg,"A balanced blend of roasted whole spices for a rich, aromatic finish to curries."
SP-GARM-100,,Spices,"Spice Blends","Garam Masala","5Star Spices","100 g",,,100,,,17,97.2,2,5,0910,170,145,,BGARM-0926,2027-09-30,yes,garam-masala.jpg,"A balanced blend of roasted whole spices for a rich, aromatic finish to curries."
SP-GARM-250,,Spices,"Spice Blends","Garam Masala","5Star Spices","250 g",,,250,,,34,225,2,5,0910,385,,40,BGARM-0926,2027-09-30,yes,garam-masala.jpg,"A balanced blend of roasted whole spices for a rich, aromatic finish to curries."
SP-BIRY-50,,Spices,"Spice Blends","Biryani Masala","5Star Spices","50 g",,,50,,,57,48.88,,5,0910,85,75,,BBIRY-0926,2027-09-30,yes,biryani-masala.jpg,"Layered spice blend crafted for fragrant, restaurant-style biryani at home."
SP-BIRY-100,,Spices,"Spice Blends","Biryani Masala","5Star Spices","100 g",,,100,,,24,91.8,,5,0910,160,135,,BBIRY-0926,2027-09-30,yes,biryani-masala.jpg,"Layered spice blend crafted for fragrant, restaurant-style biryani at home."
SP-CHAT-50,,Spices,"Spice Blends","Chaat Masala","5Star Spices","50 g",,,50,,,16,34.5,,5,0910,60,,40,BCHAT-0926,2027-09-30,yes,chaat-masala.jpg,"Tangy, zesty chaat masala for fruit, salads, snacks and street-food classics."
SP-CHAT-100,,Spices,"Spice Blends","Chaat Masala","5Star Spices","100 g",,,100,,,42,64.8,,5,0910,115,95,,BCHAT-0926,2027-09-30,yes,chaat-masala.jpg,"Tangy, zesty chaat masala for fruit, salads, snacks and street-food classics."
